{"tileSize":16,"mapWidth":55,"mapHeight":37,"layers":[{"name":"fg","tiles":[{"id":"0","x":10,"y":14},{"id":"1","x":9,"y":14},{"id":"2","x":12,"y":14},{"id":"3","x":19,"y":12},{"id":"3","x":18,"y":13},{"id":"4","x":25,"y":12},{"id":"5","x":22,"y":15},{"id":"6","x":22,"y":16},{"id":"7","x":25,"y":11},{"id":"8","x":24,"y":11},{"id":"9","x":19,"y":11},{"id":"8","x":20,"y":11},{"id":"9","x":18,"y":12},{"id":"10","x":13,"y":14},{"id":"11","x":16,"y":13},{"id":"12","x":21,"y":11},{"id":"13","x":22,"y":11},{"id":"2","x":23,"y":11},{"id":"14","x":17,"y":13},{"id":"8","x":15,"y":17},{"id":"4","x":14,"y":17},{"id":"15","x":21,"y":16},{"id":"0","x":31,"y":17},{"id":"1","x":30,"y":17},{"id":"16","x":32,"y":17},{"id":"12","x":26,"y":17},{"id":"17","x":27,"y":17},{"id":"13","x":28,"y":17},{"id":"2","x":24,"y":17},{"id":"18","x":29,"y":17},{"id":"10","x":33,"y":17},{"id":"19","x":34,"y":17},{"id":"20","x":37,"y":17},{"id":"21","x":40,"y":17},{"id":"4","x":43,"y":18},{"id":"8","x":42,"y":17},{"id":"7","x":43,"y":17},{"id":"9","x":41,"y":17},{"id":"8","x":45,"y":18},{"id":"20","x":44,"y":18},{"id":"4","x":46,"y":19},{"id":"7","x":46,"y":18},{"id":"7","x":47,"y":19},{"id":"4","x":47,"y":20},{"id":"18","x":48,"y":20},{"id":"22","x":49,"y":20},{"id":"13","x":54,"y":21},{"id":"12","x":53,"y":21},{"id":"3","x":52,"y":22},{"id":"9","x":52,"y":21},{"id":"9","x":51,"y":22},{"id":"3","x":51,"y":23},{"id":"3","x":50,"y":24},{"id":"9","x":46,"y":24},{"id":"3","x":46,"y":25},{"id":"9","x":43,"y":25},{"id":"3","x":43,"y":26},{"id":"9","x":38,"y":26},{"id":"9","x":36,"y":27},{"id":"3","x":36,"y":28},{"id":"8","x":47,"y":24},{"id":"3","x":38,"y":27},{"id":"18","x":37,"y":27},{"id":"10","x":39,"y":26},{"id":"19","x":44,"y":25},{"id":"11","x":35,"y":28},{"id":"19","x":41,"y":26},{"id":"14","x":45,"y":25},{"id":"0","x":49,"y":24},{"id":"1","x":48,"y":24},{"id":"22","x":28,"y":28},{"id":"12","x":29,"y":28},{"id":"13","x":30,"y":28},{"id":"0","x":32,"y":28},{"id":"1","x":31,"y":28},{"id":"14","x":33,"y":28},{"id":"16","x":34,"y":28},{"id":"9","x":26,"y":28},{"id":"3","x":26,"y":29},{"id":"8","x":27,"y":28},{"id":"10","x":23,"y":29},{"id":"20","x":24,"y":29},{"id":"19","x":25,"y":29},{"id":"1","x":21,"y":29},{"id":"0","x":22,"y":29},{"id":"4","x":20,"y":29},{"id":"7","x":20,"y":28},{"id":"7","x":19,"y":27},{"id":"4","x":19,"y":28},{"id":"8","x":18,"y":27},{"id":"10","x":16,"y":27},{"id":"20","x":17,"y":27},{"id":"19","x":14,"y":27},{"id":"19","x":15,"y":27},{"id":"18","x":9,"y":26},{"id":"1","x":10,"y":26},{"id":"12","x":11,"y":26},{"id":"7","x":13,"y":26},{"id":"4","x":13,"y":27},{"id":"8","x":12,"y":26},{"id":"11","x":8,"y":26},{"id":"21","x":7,"y":26},{"id":"4","x":4,"y":26},{"id":"19","x":5,"y":26},{"id":"7","x":4,"y":25},{"id":"21","x":40,"y":26},{"id":"2","x":42,"y":26},{"id":"4","x":50,"y":21},{"id":"7","x":50,"y":20},{"id":"5","x":50,"y":22},{"id":"6","x":50,"y":23},{"id":"23","x":49,"y":23},{"id":"24","x":47,"y":23},{"id":"25","x":46,"y":23},{"id":"26","x":44,"y":22},{"id":"27","x":45,"y":22},{"id":"28","x":45,"y":23},{"id":"29","x":42,"y":22},{"id":"30","x":40,"y":22},{"id":"31","x":41,"y":22},{"id":"23","x":37,"y":22},{"id":"28","x":36,"y":22},{"id":"5","x":33,"y":23},{"id":"6","x":33,"y":24},{"id":"23","x":32,"y":25},{"id":"24","x":30,"y":25},{"id":"32","x":27,"y":25},{"id":"29","x":25,"y":25},{"id":"33","x":24,"y":25},{"id":"34","x":26,"y":25},{"id":"30","x":21,"y":25},{"id":"31","x":22,"y":25},{"id":"35","x":20,"y":25},{"id":"27","x":19,"y":24},{"id":"28","x":19,"y":25},{"id":"24","x":17,"y":24},{"id":"27","x":14,"y":23},{"id":"28","x":14,"y":24},{"id":"27","x":13,"y":22},{"id":"6","x":15,"y":24},{"id":"24","x":11,"y":22},{"id":"29","x":8,"y":22},{"id":"33","x":7,"y":22},{"id":"31","x":6,"y":22},{"id":"28","x":15,"y":16},{"id":"36","x":23,"y":15},{"id":"37","x":25,"y":15},{"id":"31","x":20,"y":16},{"id":"23","x":16,"y":16},{"id":"30","x":19,"y":16},{"id":"38","x":14,"y":15},{"id":"39","x":14,"y":16},{"id":"10","x":7,"y":14},{"id":"19","x":8,"y":14},{"id":"40","x":15,"y":14},{"id":"41","x":15,"y":15},{"id":"41","x":36,"y":20},{"id":"38","x":35,"y":18},{"id":"39","x":35,"y":19},{"id":"42","x":35,"y":20},{"id":"43","x":35,"y":21},{"id":"44","x":35,"y":22},{"id":"40","x":36,"y":21},{"id":"45","x":36,"y":18},{"id":"46","x":36,"y":19},{"id":"26","x":23,"y":25},{"id":"26","x":31,"y":25},{"id":"26","x":16,"y":24},{"id":"26","x":10,"y":22},{"id":"26","x":17,"y":16},{"id":"26","x":38,"y":22},{"id":"26","x":48,"y":23},{"id":"47","x":29,"y":25},{"id":"48","x":29,"y":26},{"id":"47","x":39,"y":22},{"id":"48","x":39,"y":23},{"id":"49","x":9,"y":22},{"id":"50","x":9,"y":23},{"id":"51","x":9,"y":24},{"id":"52","x":12,"y":22},{"id":"52","x":18,"y":24},{"id":"52","x":18,"y":16},{"id":"52","x":24,"y":15},{"id":"52","x":34,"y":23},{"id":"52","x":43,"y":22},{"id":"40","x":5,"y":16},{"id":"41","x":5,"y":17},{"id":"53","x":5,"y":15},{"id":"10","x":6,"y":14},{"id":"9","x":5,"y":14}],"collider":false},{"name":"tiles","tiles":[{"id":"54","x":6,"y":15},{"id":"55","x":13,"y":15},{"id":"56","x":7,"y":21},{"id":"56","x":7,"y":17},{"id":"56","x":7,"y":18},{"id":"56","x":8,"y":18},{"id":"56","x":8,"y":17},{"id":"56","x":9,"y":18},{"id":"56","x":10,"y":16},{"id":"56","x":9,"y":17},{"id":"56","x":10,"y":18},{"id":"56","x":12,"y":18},{"id":"56","x":12,"y":17},{"id":"56","x":12,"y":16},{"id":"56","x":11,"y":16},{"id":"56","x":11,"y":18},{"id":"56","x":12,"y":19},{"id":"56","x":12,"y":20},{"id":"56","x":11,"y":20},{"id":"56","x":11,"y":19},{"id":"56","x":10,"y":19},{"id":"56","x":9,"y":19},{"id":"56","x":7,"y":20},{"id":"56","x":8,"y":20},{"id":"56","x":9,"y":20},{"id":"56","x":10,"y":20},{"id":"57","x":8,"y":15},{"id":"58","x":7,"y":15},{"id":"59","x":13,"y":16},{"id":"60","x":13,"y":17},{"id":"61","x":8,"y":21},{"id":"62","x":9,"y":21},{"id":"63","x":10,"y":21},{"id":"64","x":11,"y":21},{"id":"65","x":12,"y":21},{"id":"66","x":6,"y":17},{"id":"67","x":6,"y":18},{"id":"68","x":6,"y":21},{"id":"69","x":6,"y":19},{"id":"70","x":6,"y":20},{"id":"71","x":9,"y":15},{"id":"72","x":10,"y":15},{"id":"73","x":11,"y":15},{"id":"74","x":12,"y":15},{"id":"75","x":7,"y":19},{"id":"76","x":8,"y":19},{"id":"77","x":11,"y":17},{"id":"78","x":10,"y":17},{"id":"56","x":9,"y":16},{"id":"56","x":8,"y":16},{"id":"56","x":13,"y":18},{"id":"56","x":16,"y":19},{"id":"56","x":15,"y":19},{"id":"56","x":14,"y":19},{"id":"56","x":13,"y":19},{"id":"56","x":13,"y":20},{"id":"56","x":14,"y":20},{"id":"56","x":13,"y":21},{"id":"56","x":16,"y":21},{"id":"56","x":17,"y":21},{"id":"56","x":18,"y":21},{"id":"56","x":19,"y":21},{"id":"56","x":21,"y":21},{"id":"56","x":22,"y":21},{"id":"56","x":23,"y":21},{"id":"56","x":24,"y":21},{"id":"56","x":25,"y":21},{"id":"56","x":26,"y":21},{"id":"56","x":25,"y":20},{"id":"56","x":24,"y":20},{"id":"56","x":23,"y":20},{"id":"56","x":22,"y":20},{"id":"56","x":21,"y":20},{"id":"56","x":20,"y":20},{"id":"56","x":17,"y":20},{"id":"56","x":15,"y":20},{"id":"56","x":16,"y":20},{"id":"56","x":17,"y":19},{"id":"56","x":18,"y":19},{"id":"56","x":19,"y":19},{"id":"56","x":20,"y":19},{"id":"56","x":21,"y":19},{"id":"56","x":22,"y":19},{"id":"56","x":23,"y":19},{"id":"56","x":24,"y":19},{"id":"56","x":17,"y":14},{"id":"56","x":18,"y":14},{"id":"56","x":19,"y":14},{"id":"56","x":23,"y":13},{"id":"56","x":24,"y":13},{"id":"56","x":24,"y":14},{"id":"56","x":23,"y":14},{"id":"56","x":22,"y":14},{"id":"56","x":21,"y":14},{"id":"56","x":19,"y":15},{"id":"56","x":20,"y":15},{"id":"56","x":32,"y":19},{"id":"56","x":32,"y":20},{"id":"56","x":26,"y":20},{"id":"56","x":27,"y":19},{"id":"56","x":28,"y":19},{"id":"56","x":29,"y":19},{"id":"56","x":30,"y":19},{"id":"56","x":31,"y":19},{"id":"56","x":31,"y":20},{"id":"56","x":30,"y":20},{"id":"56","x":29,"y":20},{"id":"56","x":28,"y":20},{"id":"56","x":27,"y":20},{"id":"56","x":27,"y":21},{"id":"56","x":28,"y":21},{"id":"56","x":29,"y":21},{"id":"56","x":20,"y":21},{"id":"56","x":20,"y":22},{"id":"56","x":20,"y":23},{"id":"56","x":32,"y":22},{"id":"56","x":32,"y":21},{"id":"56","x":31,"y":22},{"id":"56","x":31,"y":23},{"id":"56","x":25,"y":22},{"id":"56","x":24,"y":22},{"id":"56","x":21,"y":22},{"id":"56","x":23,"y":22},{"id":"56","x":22,"y":22},{"id":"56","x":24,"y":23},{"id":"56","x":25,"y":23},{"id":"56","x":26,"y":23},{"id":"56","x":27,"y":23},{"id":"56","x":27,"y":22},{"id":"56","x":30,"y":22},{"id":"56","x":28,"y":22},{"id":"56","x":29,"y":22},{"id":"56","x":18,"y":23},{"id":"56","x":17,"y":23},{"id":"56","x":16,"y":23},{"id":"56","x":14,"y":21},{"id":"56","x":15,"y":21},{"id":"56","x":15,"y":22},{"id":"56","x":19,"y":22},{"id":"56","x":18,"y":22},{"id":"56","x":17,"y":22},{"id":"56","x":16,"y":22},{"id":"56","x":2,"y":8},{"id":"56","x":0,"y":9},{"id":"56","x":1,"y":9},{"id":"56","x":2,"y":9},{"id":"56","x":2,"y":10},{"id":"56","x":1,"y":10},{"id":"56","x":0,"y":10},{"id":"56","x":0,"y":11},{"id":"56","x":0,"y":12},{"id":"56","x":0,"y":13},{"id":"56","x":0,"y":14},{"id":"56","x":0,"y":15},{"id":"56","x":0,"y":16},{"id":"56","x":0,"y":17},{"id":"56","x":0,"y":18},{"id":"56","x":0,"y":19},{"id":"56","x":1,"y":19},{"id":"56","x":1,"y":18},{"id":"56","x":1,"y":17},{"id":"56","x":1,"y":16},{"id":"56","x":1,"y":15},{"id":"56","x":1,"y":14},{"id":"56","x":1,"y":13},{"id":"56","x":1,"y":12},{"id":"56","x":1,"y":11},{"id":"56","x":2,"y":11},{"id":"56","x":2,"y":12},{"id":"56","x":2,"y":13},{"id":"56","x":2,"y":14},{"id":"56","x":2,"y":15},{"id":"56","x":2,"y":16},{"id":"56","x":2,"y":17},{"id":"56","x":2,"y":18},{"id":"56","x":2,"y":19},{"id":"56","x":2,"y":20},{"id":"56","x":2,"y":21},{"id":"56","x":2,"y":22},{"id":"56","x":2,"y":23},{"id":"56","x":2,"y":24},{"id":"56","x":0,"y":20},{"id":"56","x":0,"y":21},{"id":"56","x":0,"y":22},{"id":"56","x":0,"y":23},{"id":"56","x":0,"y":26},{"id":"56","x":0,"y":27},{"id":"56","x":0,"y":28},{"id":"56","x":1,"y":28},{"id":"56","x":2,"y":28},{"id":"56","x":2,"y":25},{"id":"56","x":1,"y":27},{"id":"56","x":0,"y":25},{"id":"56","x":0,"y":24},{"id":"56","x":1,"y":20},{"id":"56","x":1,"y":21},{"id":"56","x":1,"y":22},{"id":"56","x":1,"y":23},{"id":"56","x":1,"y":24},{"id":"56","x":1,"y":25},{"id":"56","x":1,"y":26},{"id":"56","x":2,"y":26},{"id":"56","x":2,"y":27},{"id":"56","x":3,"y":27},{"id":"56","x":3,"y":28},{"id":"56","x":2,"y":29},{"id":"56","x":0,"y":29},{"id":"56","x":1,"y":29},{"id":"56","x":3,"y":30},{"id":"56","x":2,"y":30},{"id":"56","x":1,"y":30},{"id":"56","x":8,"y":30},{"id":"56","x":9,"y":30},{"id":"56","x":10,"y":30},{"id":"56","x":11,"y":30},{"id":"56","x":13,"y":30},{"id":"56","x":14,"y":30},{"id":"56","x":15,"y":30},{"id":"56","x":16,"y":30},{"id":"56","x":17,"y":30},{"id":"56","x":18,"y":30},{"id":"56","x":19,"y":30},{"id":"56","x":20,"y":30},{"id":"56","x":27,"y":30},{"id":"56","x":28,"y":30},{"id":"56","x":29,"y":30},{"id":"56","x":30,"y":30},{"id":"56","x":31,"y":30},{"id":"56","x":32,"y":30},{"id":"56","x":33,"y":30},{"id":"56","x":34,"y":30},{"id":"56","x":35,"y":30},{"id":"56","x":36,"y":30},{"id":"56","x":37,"y":30},{"id":"56","x":38,"y":30},{"id":"56","x":38,"y":31},{"id":"56","x":40,"y":33},{"id":"56","x":40,"y":34},{"id":"56","x":40,"y":35},{"id":"56","x":0,"y":30},{"id":"56","x":0,"y":31},{"id":"56","x":0,"y":32},{"id":"56","x":0,"y":34},{"id":"56","x":0,"y":35},{"id":"56","x":0,"y":36},{"id":"56","x":1,"y":36},{"id":"56","x":2,"y":36},{"id":"56","x":3,"y":36},{"id":"56","x":4,"y":36},{"id":"56","x":5,"y":36},{"id":"56","x":6,"y":36},{"id":"56","x":7,"y":36},{"id":"56","x":8,"y":36},{"id":"56","x":9,"y":36},{"id":"56","x":10,"y":36},{"id":"56","x":11,"y":36},{"id":"56","x":12,"y":36},{"id":"56","x":13,"y":36},{"id":"56","x":14,"y":36},{"id":"56","x":15,"y":36},{"id":"56","x":16,"y":36},{"id":"56","x":17,"y":36},{"id":"56","x":18,"y":36},{"id":"56","x":19,"y":36},{"id":"56","x":20,"y":36},{"id":"56","x":21,"y":36},{"id":"56","x":22,"y":36},{"id":"56","x":23,"y":36},{"id":"56","x":24,"y":36},{"id":"56","x":25,"y":36},{"id":"56","x":26,"y":36},{"id":"56","x":27,"y":36},{"id":"56","x":28,"y":36},{"id":"56","x":29,"y":36},{"id":"56","x":30,"y":36},{"id":"56","x":31,"y":36},{"id":"56","x":32,"y":36},{"id":"56","x":33,"y":36},{"id":"56","x":34,"y":36},{"id":"56","x":35,"y":36},{"id":"56","x":36,"y":36},{"id":"56","x":37,"y":36},{"id":"56","x":38,"y":36},{"id":"56","x":40,"y":36},{"id":"56","x":39,"y":36},{"id":"56","x":39,"y":35},{"id":"56","x":39,"y":34},{"id":"56","x":39,"y":32},{"id":"56","x":39,"y":33},{"id":"56","x":36,"y":32},{"id":"56","x":35,"y":32},{"id":"56","x":34,"y":32},{"id":"56","x":33,"y":32},{"id":"56","x":32,"y":32},{"id":"56","x":31,"y":32},{"id":"56","x":30,"y":32},{"id":"56","x":29,"y":32},{"id":"56","x":28,"y":32},{"id":"56","x":27,"y":32},{"id":"56","x":26,"y":32},{"id":"56","x":25,"y":32},{"id":"56","x":24,"y":32},{"id":"56","x":23,"y":32},{"id":"56","x":22,"y":32},{"id":"56","x":21,"y":32},{"id":"56","x":20,"y":32},{"id":"56","x":18,"y":32},{"id":"56","x":17,"y":32},{"id":"56","x":16,"y":32},{"id":"56","x":15,"y":32},{"id":"56","x":14,"y":32},{"id":"56","x":13,"y":32},{"id":"56","x":12,"y":32},{"id":"56","x":11,"y":32},{"id":"56","x":10,"y":32},{"id":"56","x":9,"y":32},{"id":"56","x":8,"y":32},{"id":"56","x":7,"y":32},{"id":"56","x":6,"y":32},{"id":"56","x":5,"y":32},{"id":"56","x":4,"y":32},{"id":"56","x":3,"y":32},{"id":"56","x":2,"y":32},{"id":"56","x":1,"y":32},{"id":"56","x":1,"y":31},{"id":"56","x":2,"y":31},{"id":"56","x":3,"y":31},{"id":"56","x":4,"y":31},{"id":"56","x":5,"y":31},{"id":"56","x":6,"y":31},{"id":"56","x":7,"y":31},{"id":"56","x":8,"y":31},{"id":"56","x":9,"y":31},{"id":"56","x":10,"y":31},{"id":"56","x":11,"y":31},{"id":"56","x":12,"y":31},{"id":"56","x":13,"y":31},{"id":"56","x":14,"y":31},{"id":"56","x":15,"y":31},{"id":"56","x":16,"y":31},{"id":"56","x":17,"y":31},{"id":"56","x":18,"y":31},{"id":"56","x":19,"y":31},{"id":"56","x":20,"y":31},{"id":"56","x":21,"y":31},{"id":"56","x":22,"y":31},{"id":"56","x":23,"y":31},{"id":"56","x":24,"y":31},{"id":"56","x":25,"y":31},{"id":"56","x":28,"y":31},{"id":"56","x":29,"y":31},{"id":"56","x":30,"y":31},{"id":"56","x":31,"y":31},{"id":"56","x":32,"y":31},{"id":"56","x":33,"y":31},{"id":"56","x":34,"y":31},{"id":"56","x":35,"y":31},{"id":"56","x":36,"y":31},{"id":"56","x":37,"y":31},{"id":"56","x":38,"y":33},{"id":"56","x":38,"y":32},{"id":"56","x":37,"y":32},{"id":"56","x":37,"y":33},{"id":"56","x":38,"y":34},{"id":"56","x":38,"y":35},{"id":"56","x":37,"y":35},{"id":"56","x":37,"y":34},{"id":"56","x":36,"y":33},{"id":"56","x":36,"y":34},{"id":"56","x":36,"y":35},{"id":"56","x":35,"y":35},{"id":"56","x":35,"y":34},{"id":"56","x":34,"y":34},{"id":"56","x":33,"y":34},{"id":"56","x":30,"y":33},{"id":"56","x":29,"y":33},{"id":"56","x":28,"y":33},{"id":"56","x":27,"y":33},{"id":"56","x":26,"y":33},{"id":"56","x":25,"y":33},{"id":"56","x":24,"y":33},{"id":"56","x":23,"y":33},{"id":"56","x":22,"y":33},{"id":"56","x":21,"y":33},{"id":"56","x":20,"y":33},{"id":"56","x":19,"y":33},{"id":"56","x":18,"y":33},{"id":"56","x":17,"y":33},{"id":"56","x":16,"y":33},{"id":"56","x":15,"y":33},{"id":"56","x":14,"y":33},{"id":"56","x":13,"y":33},{"id":"56","x":12,"y":33},{"id":"56","x":11,"y":33},{"id":"56","x":10,"y":33},{"id":"56","x":9,"y":33},{"id":"56","x":8,"y":33},{"id":"56","x":7,"y":33},{"id":"56","x":6,"y":33},{"id":"56","x":5,"y":33},{"id":"56","x":4,"y":33},{"id":"56","x":3,"y":33},{"id":"56","x":2,"y":33},{"id":"56","x":0,"y":33},{"id":"56","x":1,"y":33},{"id":"56","x":1,"y":34},{"id":"56","x":2,"y":34},{"id":"56","x":3,"y":34},{"id":"56","x":4,"y":34},{"id":"56","x":5,"y":34},{"id":"56","x":6,"y":34},{"id":"56","x":7,"y":34},{"id":"56","x":8,"y":34},{"id":"56","x":9,"y":34},{"id":"56","x":10,"y":34},{"id":"56","x":11,"y":34},{"id":"56","x":12,"y":34},{"id":"56","x":13,"y":34},{"id":"56","x":14,"y":34},{"id":"56","x":15,"y":34},{"id":"56","x":16,"y":34},{"id":"56","x":17,"y":34},{"id":"56","x":18,"y":34},{"id":"56","x":19,"y":34},{"id":"56","x":20,"y":34},{"id":"56","x":21,"y":34},{"id":"56","x":22,"y":34},{"id":"56","x":23,"y":34},{"id":"56","x":24,"y":34},{"id":"56","x":25,"y":34},{"id":"56","x":26,"y":34},{"id":"56","x":27,"y":34},{"id":"56","x":28,"y":34},{"id":"56","x":29,"y":34},{"id":"56","x":30,"y":34},{"id":"56","x":32,"y":34},{"id":"56","x":35,"y":33},{"id":"56","x":34,"y":33},{"id":"56","x":33,"y":33},{"id":"56","x":32,"y":33},{"id":"56","x":31,"y":33},{"id":"56","x":31,"y":34},{"id":"56","x":34,"y":35},{"id":"56","x":33,"y":35},{"id":"56","x":32,"y":35},{"id":"56","x":31,"y":35},{"id":"56","x":30,"y":35},{"id":"56","x":29,"y":35},{"id":"56","x":28,"y":35},{"id":"56","x":27,"y":35},{"id":"56","x":26,"y":35},{"id":"56","x":25,"y":35},{"id":"56","x":24,"y":35},{"id":"56","x":23,"y":35},{"id":"56","x":22,"y":35},{"id":"56","x":21,"y":35},{"id":"56","x":20,"y":35},{"id":"56","x":19,"y":35},{"id":"56","x":18,"y":35},{"id":"56","x":17,"y":35},{"id":"56","x":16,"y":35},{"id":"56","x":15,"y":35},{"id":"56","x":14,"y":35},{"id":"56","x":13,"y":35},{"id":"56","x":12,"y":35},{"id":"56","x":11,"y":35},{"id":"56","x":10,"y":35},{"id":"56","x":9,"y":35},{"id":"56","x":8,"y":35},{"id":"56","x":7,"y":35},{"id":"56","x":6,"y":35},{"id":"56","x":5,"y":35},{"id":"56","x":4,"y":35},{"id":"56","x":3,"y":35},{"id":"56","x":2,"y":35},{"id":"56","x":1,"y":35},{"id":"56","x":3,"y":3},{"id":"56","x":3,"y":2},{"id":"56","x":3,"y":1},{"id":"56","x":3,"y":0},{"id":"56","x":2,"y":0},{"id":"56","x":1,"y":0},{"id":"56","x":0,"y":0},{"id":"56","x":0,"y":1},{"id":"56","x":0,"y":2},{"id":"56","x":0,"y":3},{"id":"56","x":0,"y":4},{"id":"56","x":0,"y":5},{"id":"56","x":0,"y":6},{"id":"56","x":0,"y":7},{"id":"56","x":0,"y":8},{"id":"56","x":1,"y":8},{"id":"56","x":1,"y":5},{"id":"56","x":1,"y":6},{"id":"56","x":1,"y":7},{"id":"56","x":2,"y":7},{"id":"56","x":2,"y":6},{"id":"56","x":2,"y":5},{"id":"56","x":2,"y":4},{"id":"56","x":2,"y":3},{"id":"56","x":2,"y":2},{"id":"56","x":2,"y":1},{"id":"56","x":1,"y":1},{"id":"56","x":1,"y":2},{"id":"56","x":1,"y":4},{"id":"56","x":1,"y":3},{"id":"56","x":33,"y":21},{"id":"56","x":37,"y":29},{"id":"56","x":40,"y":27},{"id":"56","x":43,"y":27},{"id":"56","x":44,"y":27},{"id":"56","x":45,"y":26},{"id":"56","x":46,"y":26},{"id":"56","x":47,"y":26},{"id":"56","x":48,"y":25},{"id":"56","x":50,"y":25},{"id":"56","x":51,"y":25},{"id":"56","x":53,"y":26},{"id":"56","x":53,"y":27},{"id":"56","x":53,"y":28},{"id":"56","x":53,"y":29},{"id":"56","x":53,"y":30},{"id":"56","x":53,"y":31},{"id":"56","x":52,"y":32},{"id":"56","x":51,"y":32},{"id":"56","x":50,"y":32},{"id":"56","x":49,"y":32},{"id":"56","x":48,"y":32},{"id":"56","x":47,"y":32},{"id":"56","x":46,"y":32},{"id":"56","x":45,"y":32},{"id":"56","x":44,"y":32},{"id":"56","x":43,"y":32},{"id":"56","x":42,"y":32},{"id":"56","x":41,"y":32},{"id":"56","x":40,"y":32},{"id":"56","x":39,"y":29},{"id":"56","x":38,"y":29},{"id":"56","x":38,"y":28},{"id":"56","x":39,"y":28},{"id":"56","x":41,"y":27},{"id":"56","x":46,"y":27},{"id":"56","x":45,"y":27},{"id":"56","x":44,"y":28},{"id":"56","x":45,"y":28},{"id":"56","x":46,"y":28},{"id":"56","x":47,"y":28},{"id":"56","x":47,"y":27},{"id":"56","x":48,"y":27},{"id":"56","x":48,"y":26},{"id":"56","x":49,"y":26},{"id":"56","x":52,"y":26},{"id":"56","x":49,"y":27},{"id":"56","x":48,"y":28},{"id":"56","x":48,"y":29},{"id":"56","x":47,"y":29},{"id":"56","x":43,"y":29},{"id":"56","x":42,"y":29},{"id":"56","x":41,"y":29},{"id":"56","x":40,"y":29},{"id":"56","x":40,"y":30},{"id":"56","x":39,"y":30},{"id":"56","x":39,"y":31},{"id":"56","x":41,"y":30},{"id":"56","x":46,"y":29},{"id":"56","x":45,"y":29},{"id":"56","x":44,"y":29},{"id":"56","x":43,"y":30},{"id":"56","x":42,"y":30},{"id":"56","x":44,"y":31},{"id":"56","x":40,"y":31},{"id":"56","x":41,"y":31},{"id":"56","x":45,"y":31},{"id":"56","x":46,"y":31},{"id":"56","x":47,"y":31},{"id":"56","x":48,"y":31},{"id":"56","x":49,"y":31},{"id":"56","x":50,"y":31},{"id":"56","x":51,"y":31},{"id":"56","x":52,"y":31},{"id":"56","x":52,"y":30},{"id":"56","x":52,"y":29},{"id":"56","x":50,"y":27},{"id":"56","x":50,"y":28},{"id":"56","x":49,"y":28},{"id":"56","x":49,"y":30},{"id":"56","x":48,"y":30},{"id":"56","x":44,"y":30},{"id":"56","x":42,"y":31},{"id":"56","x":43,"y":31},{"id":"56","x":45,"y":30},{"id":"56","x":46,"y":30},{"id":"56","x":47,"y":30},{"id":"56","x":49,"y":29},{"id":"56","x":50,"y":29},{"id":"56","x":51,"y":28},{"id":"56","x":51,"y":27},{"id":"56","x":52,"y":27},{"id":"56","x":52,"y":28},{"id":"56","x":51,"y":29},{"id":"56","x":51,"y":30},{"id":"56","x":50,"y":30},{"id":"56","x":11,"y":27},{"id":"56","x":12,"y":30},{"id":"56","x":11,"y":28},{"id":"56","x":10,"y":28},{"id":"56","x":9,"y":28},{"id":"56","x":8,"y":28},{"id":"56","x":6,"y":28},{"id":"56","x":5,"y":28},{"id":"56","x":4,"y":28},{"id":"56","x":4,"y":30},{"id":"56","x":5,"y":30},{"id":"56","x":6,"y":30},{"id":"56","x":7,"y":30},{"id":"56","x":7,"y":29},{"id":"56","x":3,"y":29},{"id":"56","x":4,"y":29},{"id":"56","x":5,"y":29},{"id":"56","x":6,"y":29},{"id":"56","x":8,"y":29},{"id":"56","x":9,"y":29},{"id":"56","x":10,"y":29},{"id":"56","x":11,"y":29},{"id":"56","x":12,"y":28},{"id":"56","x":13,"y":28},{"id":"56","x":16,"y":28},{"id":"56","x":17,"y":28},{"id":"56","x":18,"y":29},{"id":"56","x":17,"y":29},{"id":"56","x":16,"y":29},{"id":"56","x":15,"y":29},{"id":"56","x":14,"y":29},{"id":"56","x":13,"y":29},{"id":"56","x":12,"y":29},{"id":"56","x":53,"y":25},{"id":"56","x":49,"y":25},{"id":"56","x":53,"y":23},{"id":"56","x":53,"y":24},{"id":"56","x":52,"y":24},{"id":"56","x":52,"y":25},{"id":"56","x":47,"y":21},{"id":"56","x":46,"y":21},{"id":"56","x":45,"y":21},{"id":"56","x":44,"y":21},{"id":"56","x":43,"y":21},{"id":"56","x":42,"y":21},{"id":"56","x":41,"y":21},{"id":"56","x":39,"y":19},{"id":"56","x":42,"y":19},{"id":"56","x":43,"y":19},{"id":"56","x":44,"y":19},{"id":"56","x":45,"y":20},{"id":"56","x":44,"y":20},{"id":"56","x":43,"y":20},{"id":"56","x":41,"y":19},{"id":"56","x":40,"y":19},{"id":"56","x":48,"y":21},{"id":"56","x":38,"y":19},{"id":"56","x":48,"y":22},{"id":"56","x":47,"y":22},{"id":"56","x":54,"y":22},{"id":"56","x":54,"y":23},{"id":"56","x":54,"y":24},{"id":"56","x":54,"y":25},{"id":"56","x":54,"y":26},{"id":"56","x":54,"y":27},{"id":"56","x":54,"y":28},{"id":"56","x":54,"y":29},{"id":"56","x":54,"y":30},{"id":"56","x":54,"y":31},{"id":"56","x":54,"y":32},{"id":"56","x":53,"y":32},{"id":"57","x":14,"y":18},{"id":"79","x":15,"y":18},{"id":"58","x":16,"y":18},{"id":"80","x":17,"y":18},{"id":"81","x":18,"y":18},{"id":"82","x":19,"y":18},{"id":"83","x":20,"y":18},{"id":"84","x":21,"y":18},{"id":"83","x":26,"y":18},{"id":"55","x":34,"y":18},{"id":"85","x":34,"y":19},{"id":"59","x":34,"y":20},{"id":"60","x":34,"y":21},{"id":"86","x":34,"y":22},{"id":"62","x":33,"y":22},{"id":"60","x":32,"y":23},{"id":"87","x":32,"y":24},{"id":"61","x":29,"y":24},{"id":"62","x":30,"y":24},{"id":"63","x":31,"y":24},{"id":"88","x":23,"y":24},{"id":"89","x":24,"y":24},{"id":"90","x":25,"y":24},{"id":"91","x":26,"y":24},{"id":"64","x":27,"y":24},{"id":"65","x":28,"y":24},{"id":"64","x":21,"y":24},{"id":"65","x":22,"y":24},{"id":"92","x":15,"y":23},{"id":"92","x":20,"y":24},{"id":"92","x":14,"y":22},{"id":"93","x":18,"y":28},{"id":"55","x":19,"y":29},{"id":"55","x":12,"y":27},{"id":"94","x":27,"y":29},{"id":"54","x":37,"y":28},{"id":"94","x":39,"y":27},{"id":"54","x":44,"y":26},{"id":"94","x":47,"y":25},{"id":"94","x":52,"y":23},{"id":"94","x":53,"y":22},{"id":"54","x":51,"y":24},{"id":"55","x":46,"y":20},{"id":"55","x":42,"y":18},{"id":"93","x":45,"y":19},{"id":"93","x":49,"y":21},{"id":"86","x":49,"y":22},{"id":"68","x":46,"y":22},{"id":"94","x":19,"y":13},{"id":"86","x":25,"y":14},{"id":"87","x":21,"y":15},{"id":"54","x":16,"y":14},{"id":"54","x":20,"y":12},{"id":"93","x":25,"y":13},{"id":"68","x":16,"y":15},{"id":"15","x":27,"y":9},{"id":"15","x":33,"y":9},{"id":"15","x":27,"y":10},{"id":"15","x":33,"y":14},{"id":"15","x":33,"y":15},{"id":"80","x":27,"y":18},{"id":"81","x":28,"y":18},{"id":"82","x":29,"y":18},{"id":"84","x":31,"y":18},{"id":"95","x":32,"y":18},{"id":"56","x":33,"y":18},{"id":"55","x":24,"y":12},{"id":"56","x":23,"y":12},{"id":"56","x":21,"y":12},{"id":"56","x":22,"y":12},{"id":"71","x":22,"y":18},{"id":"72","x":23,"y":18},{"id":"73","x":24,"y":18},{"id":"74","x":25,"y":18},{"id":"71","x":38,"y":18},{"id":"72","x":39,"y":18},{"id":"73","x":40,"y":18},{"id":"74","x":41,"y":18},{"id":"56","x":36,"y":29},{"id":"56","x":35,"y":29},{"id":"56","x":32,"y":29},{"id":"56","x":30,"y":29},{"id":"56","x":31,"y":29},{"id":"56","x":28,"y":29},{"id":"56","x":29,"y":29},{"id":"56","x":26,"y":30},{"id":"56","x":24,"y":30},{"id":"56","x":25,"y":30},{"id":"56","x":23,"y":30},{"id":"56","x":22,"y":30},{"id":"56","x":21,"y":30},{"id":"56","x":28,"y":23},{"id":"56","x":29,"y":23},{"id":"56","x":30,"y":23},{"id":"56","x":33,"y":20},{"id":"56","x":33,"y":19},{"id":"15","x":33,"y":10},{"id":"15","x":33,"y":13},{"id":"96","x":20,"y":13},{"id":"97","x":21,"y":13},{"id":"98","x":22,"y":13},{"id":"99","x":17,"y":15},{"id":"100","x":18,"y":15},{"id":"78","x":18,"y":20},{"id":"77","x":19,"y":20},{"id":"99","x":30,"y":21},{"id":"100","x":31,"y":21},{"id":"75","x":25,"y":19},{"id":"76","x":26,"y":19},{"id":"96","x":21,"y":23},{"id":"97","x":22,"y":23},{"id":"98","x":23,"y":23},{"id":"96","x":40,"y":20},{"id":"97","x":41,"y":20},{"id":"98","x":42,"y":20},{"id":"56","x":43,"y":28},{"id":"56","x":42,"y":28},{"id":"56","x":42,"y":27},{"id":"101","x":40,"y":28},{"id":"102","x":41,"y":28},{"id":"103","x":26,"y":22},{"id":"103","x":19,"y":32},{"id":"103","x":7,"y":28},{"id":"75","x":9,"y":27},{"id":"76","x":10,"y":27},{"id":"99","x":14,"y":28},{"id":"100","x":15,"y":28},{"id":"78","x":26,"y":31},{"id":"77","x":27,"y":31},{"id":"75","x":50,"y":26},{"id":"76","x":51,"y":26},{"id":"78","x":33,"y":29},{"id":"77","x":34,"y":29},{"id":"104","x":6,"y":16},{"id":"103","x":7,"y":16},{"id":"103","x":20,"y":14},{"id":"83","x":30,"y":18},{"id":"74","x":7,"y":27},{"id":"80","x":8,"y":27},{"id":"58","x":5,"y":27},{"id":"71","x":6,"y":27},{"id":"79","x":4,"y":27},{"id":"94","x":37,"y":18},{"id":"56","x":39,"y":20},{"id":"56","x":37,"y":20},{"id":"56","x":38,"y":21},{"id":"56","x":38,"y":20},{"id":"56","x":37,"y":19},{"id":"68","x":37,"y":21},{"id":"56","x":39,"y":21},{"id":"56","x":40,"y":21},{"id":"56","x":19,"y":23},{"id":"105","x":3,"y":23},{"id":"106","x":3,"y":24},{"id":"107","x":3,"y":25},{"id":"108","x":3,"y":26},{"id":"105","x":3,"y":22},{"id":"85","x":3,"y":18},{"id":"59","x":3,"y":19},{"id":"60","x":3,"y":20},{"id":"109","x":3,"y":21},{"id":"106","x":3,"y":15},{"id":"107","x":3,"y":16},{"id":"108","x":3,"y":17},{"id":"110","x":3,"y":11},{"id":"111","x":3,"y":12},{"id":"112","x":3,"y":13},{"id":"85","x":3,"y":14},{"id":"59","x":3,"y":8},{"id":"60","x":3,"y":9},{"id":"113","x":3,"y":10},{"id":"105","x":3,"y":7},{"id":"106","x":3,"y":4},{"id":"107","x":3,"y":5},{"id":"108","x":3,"y":6}],"collider":true},{"name":"background","tiles":[{"id":"114","x":31,"y":14},{"id":"115","x":32,"y":14},{"id":"116","x":33,"y":14},{"id":"117","x":34,"y":14},{"id":"118","x":31,"y":15},{"id":"119","x":32,"y":15},{"id":"120","x":33,"y":15},{"id":"121","x":34,"y":15},{"id":"122","x":31,"y":16},{"id":"123","x":32,"y":16},{"id":"124","x":33,"y":16},{"id":"125","x":34,"y":16},{"id":"11","x":31,"y":17},{"id":"126","x":32,"y":17},{"id":"127","x":33,"y":17},{"id":"18","x":34,"y":17},{"id":"128","x":21,"y":10},{"id":"129","x":22,"y":10},{"id":"130","x":21,"y":11},{"id":"131","x":22,"y":11},{"id":"128","x":16,"y":16},{"id":"129","x":17,"y":16},{"id":"130","x":16,"y":17},{"id":"131","x":17,"y":17},{"id":"128","x":15,"y":26},{"id":"129","x":16,"y":26},{"id":"130","x":15,"y":27},{"id":"131","x":16,"y":27},{"id":"132","x":25,"y":29},{"id":"132","x":44,"y":25},{"id":"132","x":49,"y":20},{"id":"133","x":35,"y":19},{"id":"134","x":5,"y":18}],"collider":false}]}