{"tileSize":16,"mapWidth":96,"mapHeight":19,"layers":[{"name":"decals","tiles":[{"id":"17","x":26,"y":7},{"id":"18","x":27,"y":7},{"id":"25","x":28,"y":7},{"id":"26","x":28,"y":5},{"id":"19","x":38,"y":6},{"id":"20","x":39,"y":6},{"id":"21","x":40,"y":6},{"id":"22","x":38,"y":7},{"id":"23","x":39,"y":7},{"id":"24","x":40,"y":7},{"id":"28","x":38,"y":8},{"id":"29","x":39,"y":8},{"id":"30","x":40,"y":8},{"id":"19","x":33,"y":6},{"id":"20","x":34,"y":6},{"id":"21","x":35,"y":6},{"id":"22","x":33,"y":7},{"id":"23","x":34,"y":7},{"id":"24","x":35,"y":7},{"id":"28","x":33,"y":8},{"id":"29","x":34,"y":8},{"id":"30","x":35,"y":8}],"collider":false},{"name":"tiles","tiles":[{"id":"0","x":23,"y":10},{"id":"1","x":24,"y":10},{"id":"1","x":25,"y":10},{"id":"1","x":26,"y":10},{"id":"1","x":27,"y":10},{"id":"1","x":28,"y":10},{"id":"1","x":29,"y":10},{"id":"1","x":30,"y":10},{"id":"1","x":31,"y":10},{"id":"1","x":32,"y":10},{"id":"2","x":37,"y":10},{"id":"2","x":38,"y":10},{"id":"2","x":39,"y":10},{"id":"2","x":40,"y":10},{"id":"4","x":41,"y":10},{"id":"5","x":42,"y":10},{"id":"6","x":42,"y":11},{"id":"6","x":42,"y":12},{"id":"6","x":42,"y":13},{"id":"7","x":23,"y":11},{"id":"7","x":23,"y":12},{"id":"7","x":23,"y":13},{"id":"8","x":23,"y":14},{"id":"9","x":24,"y":14},{"id":"9","x":25,"y":14},{"id":"9","x":26,"y":14},{"id":"9","x":27,"y":14},{"id":"9","x":28,"y":14},{"id":"9","x":29,"y":14},{"id":"9","x":30,"y":14},{"id":"9","x":31,"y":14},{"id":"9","x":32,"y":14},{"id":"9","x":33,"y":14},{"id":"2","x":24,"y":11},{"id":"2","x":25,"y":11},{"id":"2","x":25,"y":12},{"id":"2","x":24,"y":12},{"id":"2","x":25,"y":13},{"id":"2","x":26,"y":13},{"id":"2","x":28,"y":13},{"id":"2","x":29,"y":13},{"id":"2","x":30,"y":13},{"id":"2","x":32,"y":13},{"id":"2","x":33,"y":13},{"id":"2","x":32,"y":11},{"id":"2","x":31,"y":11},{"id":"2","x":30,"y":11},{"id":"2","x":29,"y":11},{"id":"2","x":28,"y":11},{"id":"2","x":26,"y":11},{"id":"2","x":26,"y":12},{"id":"2","x":27,"y":12},{"id":"2","x":28,"y":12},{"id":"2","x":29,"y":12},{"id":"2","x":30,"y":12},{"id":"2","x":32,"y":12},{"id":"2","x":33,"y":12},{"id":"2","x":33,"y":11},{"id":"2","x":35,"y":11},{"id":"2","x":36,"y":11},{"id":"2","x":37,"y":11},{"id":"2","x":38,"y":11},{"id":"2","x":39,"y":11},{"id":"2","x":40,"y":11},{"id":"2","x":39,"y":12},{"id":"2","x":38,"y":12},{"id":"2","x":37,"y":12},{"id":"2","x":36,"y":12},{"id":"2","x":35,"y":12},{"id":"2","x":34,"y":12},{"id":"2","x":34,"y":13},{"id":"2","x":35,"y":13},{"id":"2","x":38,"y":13},{"id":"2","x":39,"y":13},{"id":"2","x":40,"y":13},{"id":"2","x":41,"y":13},{"id":"2","x":41,"y":12},{"id":"9","x":34,"y":14},{"id":"9","x":35,"y":14},{"id":"9","x":36,"y":14},{"id":"9","x":37,"y":14},{"id":"9","x":38,"y":14},{"id":"9","x":39,"y":14},{"id":"9","x":40,"y":14},{"id":"9","x":41,"y":14},{"id":"10","x":42,"y":14},{"id":"11","x":27,"y":11},{"id":"11","x":31,"y":13},{"id":"11","x":40,"y":12},{"id":"12","x":24,"y":13},{"id":"12","x":27,"y":13},{"id":"12","x":34,"y":11},{"id":"13","x":36,"y":13},{"id":"13","x":34,"y":10},{"id":"13","x":41,"y":11},{"id":"13","x":31,"y":12},{"id":"13","x":37,"y":13},{"id":"14","x":36,"y":9},{"id":"15","x":37,"y":9},{"id":"15","x":38,"y":9},{"id":"15","x":39,"y":9},{"id":"16","x":41,"y":9},{"id":"15","x":40,"y":9},{"id":"15","x":35,"y":9},{"id":"15","x":34,"y":9},{"id":"14","x":33,"y":9},{"id":"14","x":26,"y":6},{"id":"15","x":27,"y":6},{"id":"27","x":67,"y":0},{"id":"27","x":69,"y":0},{"id":"27","x":70,"y":0},{"id":"27","x":71,"y":0},{"id":"27","x":72,"y":0},{"id":"27","x":73,"y":0},{"id":"27","x":74,"y":0},{"id":"27","x":79,"y":0},{"id":"27","x":70,"y":1},{"id":"27","x":73,"y":1},{"id":"27","x":74,"y":1},{"id":"27","x":79,"y":1},{"id":"27","x":80,"y":0},{"id":"27","x":86,"y":0},{"id":"27","x":87,"y":0},{"id":"27","x":88,"y":0},{"id":"27","x":89,"y":0},{"id":"27","x":90,"y":0},{"id":"27","x":93,"y":0},{"id":"27","x":94,"y":0},{"id":"27","x":95,"y":0},{"id":"27","x":88,"y":1},{"id":"27","x":89,"y":1},{"id":"27","x":90,"y":1},{"id":"27","x":95,"y":1},{"id":"27","x":0,"y":0},{"id":"27","x":6,"y":0},{"id":"27","x":7,"y":0},{"id":"27","x":8,"y":0},{"id":"27","x":9,"y":0},{"id":"27","x":10,"y":0},{"id":"27","x":11,"y":0},{"id":"27","x":12,"y":0},{"id":"27","x":15,"y":0},{"id":"27","x":15,"y":1},{"id":"3","x":33,"y":10},{"id":"2","x":35,"y":10},{"id":"2","x":36,"y":10},{"id":"16","x":28,"y":6}],"collider":true},{"name":"background","tiles":[{"id":"27","x":32,"y":0},{"id":"31","x":33,"y":0},{"id":"32","x":34,"y":0},{"id":"27","x":35,"y":0},{"id":"33","x":36,"y":0},{"id":"27","x":37,"y":0},{"id":"27","x":38,"y":0},{"id":"27","x":39,"y":0},{"id":"27","x":40,"y":0},{"id":"27","x":41,"y":0},{"id":"27","x":42,"y":0},{"id":"27","x":43,"y":0},{"id":"27","x":44,"y":0},{"id":"27","x":45,"y":0},{"id":"27","x":46,"y":0},{"id":"27","x":47,"y":0},{"id":"34","x":32,"y":1},{"id":"35","x":33,"y":1},{"id":"36","x":34,"y":1},{"id":"37","x":35,"y":1},{"id":"38","x":36,"y":1},{"id":"39","x":37,"y":1},{"id":"27","x":38,"y":1},{"id":"40","x":39,"y":1},{"id":"27","x":40,"y":1},{"id":"27","x":41,"y":1},{"id":"27","x":42,"y":1},{"id":"41","x":43,"y":1},{"id":"42","x":44,"y":1},{"id":"43","x":45,"y":1},{"id":"44","x":46,"y":1},{"id":"27","x":47,"y":1},{"id":"45","x":32,"y":2},{"id":"46","x":33,"y":2},{"id":"46","x":34,"y":2},{"id":"46","x":35,"y":2},{"id":"46","x":36,"y":2},{"id":"46","x":37,"y":2},{"id":"47","x":38,"y":2},{"id":"48","x":39,"y":2},{"id":"49","x":40,"y":2},{"id":"50","x":41,"y":2},{"id":"51","x":42,"y":2},{"id":"52","x":43,"y":2},{"id":"46","x":44,"y":2},{"id":"46","x":45,"y":2},{"id":"53","x":46,"y":2},{"id":"54","x":47,"y":2},{"id":"46","x":32,"y":3},{"id":"46","x":33,"y":3},{"id":"46","x":34,"y":3},{"id":"46","x":35,"y":3},{"id":"46","x":36,"y":3},{"id":"46","x":37,"y":3},{"id":"46","x":38,"y":3},{"id":"46","x":39,"y":3},{"id":"53","x":40,"y":3},{"id":"55","x":41,"y":3},{"id":"56","x":42,"y":3},{"id":"46","x":43,"y":3},{"id":"46","x":44,"y":3},{"id":"46","x":45,"y":3},{"id":"46","x":46,"y":3},{"id":"46","x":47,"y":3},{"id":"46","x":32,"y":4},{"id":"46","x":33,"y":4},{"id":"46","x":34,"y":4},{"id":"46","x":35,"y":4},{"id":"46","x":36,"y":4},{"id":"46","x":37,"y":4},{"id":"46","x":38,"y":4},{"id":"46","x":39,"y":4},{"id":"46","x":40,"y":4},{"id":"46","x":41,"y":4},{"id":"46","x":42,"y":4},{"id":"46","x":43,"y":4},{"id":"46","x":44,"y":4},{"id":"46","x":45,"y":4},{"id":"46","x":46,"y":4},{"id":"46","x":47,"y":4},{"id":"46","x":35,"y":5},{"id":"46","x":36,"y":5},{"id":"46","x":37,"y":5},{"id":"46","x":38,"y":5},{"id":"46","x":39,"y":5},{"id":"46","x":40,"y":5},{"id":"46","x":41,"y":5},{"id":"46","x":42,"y":5},{"id":"46","x":43,"y":5},{"id":"46","x":44,"y":5},{"id":"46","x":45,"y":5},{"id":"46","x":46,"y":5},{"id":"46","x":47,"y":5},{"id":"46","x":35,"y":6},{"id":"46","x":36,"y":6},{"id":"46","x":37,"y":6},{"id":"46","x":38,"y":6},{"id":"46","x":39,"y":6},{"id":"46","x":40,"y":6},{"id":"46","x":41,"y":6},{"id":"46","x":42,"y":6},{"id":"46","x":43,"y":6},{"id":"46","x":44,"y":6},{"id":"46","x":45,"y":6},{"id":"46","x":46,"y":6},{"id":"46","x":47,"y":6},{"id":"27","x":48,"y":0},{"id":"31","x":49,"y":0},{"id":"32","x":50,"y":0},{"id":"27","x":51,"y":0},{"id":"33","x":52,"y":0},{"id":"27","x":53,"y":0},{"id":"27","x":54,"y":0},{"id":"27","x":55,"y":0},{"id":"27","x":56,"y":0},{"id":"27","x":57,"y":0},{"id":"27","x":58,"y":0},{"id":"27","x":59,"y":0},{"id":"27","x":60,"y":0},{"id":"27","x":61,"y":0},{"id":"27","x":62,"y":0},{"id":"27","x":63,"y":0},{"id":"34","x":48,"y":1},{"id":"35","x":49,"y":1},{"id":"36","x":50,"y":1},{"id":"37","x":51,"y":1},{"id":"38","x":52,"y":1},{"id":"39","x":53,"y":1},{"id":"27","x":54,"y":1},{"id":"40","x":55,"y":1},{"id":"27","x":56,"y":1},{"id":"27","x":57,"y":1},{"id":"27","x":58,"y":1},{"id":"41","x":59,"y":1},{"id":"42","x":60,"y":1},{"id":"43","x":61,"y":1},{"id":"44","x":62,"y":1},{"id":"27","x":63,"y":1},{"id":"45","x":48,"y":2},{"id":"46","x":49,"y":2},{"id":"46","x":50,"y":2},{"id":"46","x":51,"y":2},{"id":"46","x":52,"y":2},{"id":"46","x":53,"y":2},{"id":"47","x":54,"y":2},{"id":"48","x":55,"y":2},{"id":"49","x":56,"y":2},{"id":"50","x":57,"y":2},{"id":"51","x":58,"y":2},{"id":"52","x":59,"y":2},{"id":"46","x":60,"y":2},{"id":"46","x":61,"y":2},{"id":"53","x":62,"y":2},{"id":"54","x":63,"y":2},{"id":"46","x":48,"y":3},{"id":"46","x":49,"y":3},{"id":"46","x":50,"y":3},{"id":"46","x":51,"y":3},{"id":"46","x":52,"y":3},{"id":"46","x":53,"y":3},{"id":"46","x":54,"y":3},{"id":"46","x":55,"y":3},{"id":"53","x":56,"y":3},{"id":"55","x":57,"y":3},{"id":"56","x":58,"y":3},{"id":"46","x":59,"y":3},{"id":"46","x":60,"y":3},{"id":"46","x":61,"y":3},{"id":"46","x":62,"y":3},{"id":"46","x":63,"y":3},{"id":"46","x":48,"y":4},{"id":"46","x":49,"y":4},{"id":"46","x":50,"y":4},{"id":"46","x":51,"y":4},{"id":"46","x":52,"y":4},{"id":"46","x":53,"y":4},{"id":"46","x":54,"y":4},{"id":"46","x":55,"y":4},{"id":"46","x":56,"y":4},{"id":"46","x":57,"y":4},{"id":"46","x":58,"y":4},{"id":"46","x":59,"y":4},{"id":"46","x":60,"y":4},{"id":"46","x":61,"y":4},{"id":"46","x":62,"y":4},{"id":"46","x":63,"y":4},{"id":"46","x":48,"y":5},{"id":"46","x":49,"y":5},{"id":"46","x":50,"y":5},{"id":"46","x":51,"y":5},{"id":"46","x":52,"y":5},{"id":"46","x":53,"y":5},{"id":"46","x":54,"y":5},{"id":"46","x":55,"y":5},{"id":"46","x":56,"y":5},{"id":"46","x":57,"y":5},{"id":"46","x":58,"y":5},{"id":"46","x":59,"y":5},{"id":"46","x":60,"y":5},{"id":"46","x":61,"y":5},{"id":"46","x":62,"y":5},{"id":"46","x":63,"y":5},{"id":"46","x":48,"y":6},{"id":"46","x":49,"y":6},{"id":"46","x":50,"y":6},{"id":"46","x":51,"y":6},{"id":"46","x":52,"y":6},{"id":"46","x":53,"y":6},{"id":"46","x":54,"y":6},{"id":"46","x":55,"y":6},{"id":"46","x":56,"y":6},{"id":"46","x":57,"y":6},{"id":"46","x":58,"y":6},{"id":"46","x":59,"y":6},{"id":"46","x":60,"y":6},{"id":"46","x":61,"y":6},{"id":"46","x":62,"y":6},{"id":"46","x":63,"y":6},{"id":"27","x":16,"y":0},{"id":"31","x":17,"y":0},{"id":"32","x":18,"y":0},{"id":"27","x":19,"y":0},{"id":"33","x":20,"y":0},{"id":"27","x":21,"y":0},{"id":"27","x":22,"y":0},{"id":"27","x":23,"y":0},{"id":"27","x":24,"y":0},{"id":"27","x":25,"y":0},{"id":"27","x":26,"y":0},{"id":"27","x":27,"y":0},{"id":"27","x":28,"y":0},{"id":"27","x":29,"y":0},{"id":"27","x":30,"y":0},{"id":"27","x":31,"y":0},{"id":"34","x":16,"y":1},{"id":"35","x":17,"y":1},{"id":"36","x":18,"y":1},{"id":"37","x":19,"y":1},{"id":"38","x":20,"y":1},{"id":"39","x":21,"y":1},{"id":"27","x":22,"y":1},{"id":"40","x":23,"y":1},{"id":"27","x":24,"y":1},{"id":"27","x":25,"y":1},{"id":"27","x":26,"y":1},{"id":"41","x":27,"y":1},{"id":"42","x":28,"y":1},{"id":"43","x":29,"y":1},{"id":"44","x":30,"y":1},{"id":"27","x":31,"y":1},{"id":"45","x":16,"y":2},{"id":"46","x":17,"y":2},{"id":"46","x":18,"y":2},{"id":"46","x":19,"y":2},{"id":"46","x":20,"y":2},{"id":"46","x":21,"y":2},{"id":"47","x":22,"y":2},{"id":"48","x":23,"y":2},{"id":"49","x":24,"y":2},{"id":"50","x":25,"y":2},{"id":"51","x":26,"y":2},{"id":"52","x":27,"y":2},{"id":"46","x":28,"y":2},{"id":"46","x":29,"y":2},{"id":"53","x":30,"y":2},{"id":"54","x":31,"y":2},{"id":"46","x":16,"y":3},{"id":"46","x":17,"y":3},{"id":"46","x":18,"y":3},{"id":"46","x":19,"y":3},{"id":"46","x":20,"y":3},{"id":"46","x":21,"y":3},{"id":"46","x":22,"y":3},{"id":"46","x":23,"y":3},{"id":"53","x":24,"y":3},{"id":"55","x":25,"y":3},{"id":"56","x":26,"y":3},{"id":"46","x":27,"y":3},{"id":"46","x":28,"y":3},{"id":"46","x":29,"y":3},{"id":"46","x":30,"y":3},{"id":"46","x":31,"y":3},{"id":"46","x":16,"y":4},{"id":"46","x":17,"y":4},{"id":"46","x":18,"y":4},{"id":"46","x":19,"y":4},{"id":"46","x":20,"y":4},{"id":"46","x":21,"y":4},{"id":"46","x":22,"y":4},{"id":"46","x":23,"y":4},{"id":"46","x":24,"y":4},{"id":"46","x":25,"y":4},{"id":"46","x":26,"y":4},{"id":"46","x":27,"y":4},{"id":"46","x":28,"y":4},{"id":"46","x":29,"y":4},{"id":"46","x":30,"y":4},{"id":"46","x":31,"y":4},{"id":"46","x":16,"y":5},{"id":"46","x":17,"y":5},{"id":"46","x":18,"y":5},{"id":"46","x":16,"y":6},{"id":"46","x":17,"y":6},{"id":"46","x":18,"y":6},{"id":"46","x":16,"y":7},{"id":"46","x":17,"y":7},{"id":"46","x":18,"y":7},{"id":"46","x":17,"y":8},{"id":"46","x":18,"y":8},{"id":"46","x":19,"y":8},{"id":"46","x":20,"y":8},{"id":"46","x":21,"y":8},{"id":"46","x":22,"y":8},{"id":"46","x":23,"y":8},{"id":"46","x":24,"y":8},{"id":"46","x":25,"y":8},{"id":"46","x":26,"y":8},{"id":"46","x":27,"y":8},{"id":"46","x":28,"y":8},{"id":"46","x":29,"y":8},{"id":"46","x":30,"y":8},{"id":"46","x":31,"y":8},{"id":"46","x":16,"y":9},{"id":"46","x":19,"y":9},{"id":"46","x":20,"y":9},{"id":"46","x":21,"y":9},{"id":"46","x":22,"y":9},{"id":"46","x":23,"y":9},{"id":"46","x":24,"y":9},{"id":"46","x":25,"y":9},{"id":"46","x":26,"y":9},{"id":"46","x":27,"y":9},{"id":"46","x":28,"y":9},{"id":"46","x":29,"y":9},{"id":"46","x":30,"y":9},{"id":"46","x":31,"y":9},{"id":"46","x":35,"y":7},{"id":"46","x":36,"y":7},{"id":"46","x":37,"y":7},{"id":"46","x":38,"y":7},{"id":"46","x":39,"y":7},{"id":"46","x":40,"y":7},{"id":"46","x":41,"y":7},{"id":"46","x":42,"y":7},{"id":"46","x":43,"y":7},{"id":"46","x":44,"y":7},{"id":"46","x":45,"y":7},{"id":"46","x":46,"y":7},{"id":"46","x":47,"y":7},{"id":"46","x":32,"y":8},{"id":"46","x":33,"y":8},{"id":"46","x":34,"y":8},{"id":"46","x":35,"y":8},{"id":"46","x":36,"y":8},{"id":"46","x":37,"y":8},{"id":"46","x":38,"y":8},{"id":"46","x":39,"y":8},{"id":"46","x":40,"y":8},{"id":"46","x":41,"y":8},{"id":"46","x":42,"y":8},{"id":"46","x":43,"y":8},{"id":"46","x":44,"y":8},{"id":"46","x":45,"y":8},{"id":"46","x":46,"y":8},{"id":"46","x":47,"y":8},{"id":"46","x":32,"y":9},{"id":"46","x":33,"y":9},{"id":"46","x":34,"y":9},{"id":"46","x":35,"y":9},{"id":"46","x":36,"y":9},{"id":"46","x":38,"y":9},{"id":"46","x":39,"y":9},{"id":"46","x":40,"y":9},{"id":"46","x":41,"y":9},{"id":"46","x":42,"y":9},{"id":"46","x":43,"y":9},{"id":"46","x":44,"y":9},{"id":"46","x":45,"y":9},{"id":"46","x":46,"y":9},{"id":"46","x":47,"y":9},{"id":"46","x":48,"y":7},{"id":"46","x":49,"y":7},{"id":"46","x":50,"y":7},{"id":"46","x":51,"y":7},{"id":"46","x":52,"y":7},{"id":"46","x":53,"y":7},{"id":"46","x":54,"y":7},{"id":"46","x":55,"y":7},{"id":"46","x":56,"y":7},{"id":"46","x":57,"y":7},{"id":"46","x":58,"y":7},{"id":"46","x":59,"y":7},{"id":"46","x":60,"y":7},{"id":"46","x":61,"y":7},{"id":"46","x":62,"y":7},{"id":"46","x":63,"y":7},{"id":"46","x":48,"y":8},{"id":"46","x":49,"y":8},{"id":"46","x":50,"y":8},{"id":"46","x":51,"y":8},{"id":"46","x":52,"y":8},{"id":"46","x":53,"y":8},{"id":"46","x":54,"y":8},{"id":"46","x":55,"y":8},{"id":"46","x":56,"y":8},{"id":"46","x":57,"y":8},{"id":"46","x":58,"y":8},{"id":"46","x":59,"y":8},{"id":"46","x":60,"y":8},{"id":"46","x":61,"y":8},{"id":"46","x":62,"y":8},{"id":"46","x":63,"y":8},{"id":"46","x":48,"y":9},{"id":"46","x":49,"y":9},{"id":"46","x":50,"y":9},{"id":"46","x":51,"y":9},{"id":"46","x":52,"y":9},{"id":"46","x":53,"y":9},{"id":"46","x":54,"y":9},{"id":"46","x":55,"y":9},{"id":"46","x":56,"y":9},{"id":"46","x":57,"y":9},{"id":"46","x":58,"y":9},{"id":"46","x":59,"y":9},{"id":"46","x":60,"y":9},{"id":"46","x":61,"y":9},{"id":"46","x":62,"y":9},{"id":"46","x":63,"y":9},{"id":"46","x":16,"y":10},{"id":"46","x":17,"y":10},{"id":"46","x":20,"y":10},{"id":"46","x":21,"y":10},{"id":"46","x":22,"y":10},{"id":"46","x":23,"y":10},{"id":"46","x":24,"y":10},{"id":"46","x":25,"y":10},{"id":"46","x":26,"y":10},{"id":"46","x":27,"y":10},{"id":"46","x":28,"y":10},{"id":"46","x":29,"y":10},{"id":"46","x":30,"y":10},{"id":"46","x":31,"y":10},{"id":"46","x":16,"y":11},{"id":"46","x":17,"y":11},{"id":"46","x":18,"y":11},{"id":"46","x":19,"y":11},{"id":"46","x":22,"y":11},{"id":"46","x":23,"y":11},{"id":"46","x":24,"y":11},{"id":"46","x":25,"y":11},{"id":"46","x":26,"y":11},{"id":"46","x":27,"y":11},{"id":"46","x":28,"y":11},{"id":"46","x":29,"y":11},{"id":"46","x":30,"y":11},{"id":"46","x":31,"y":11},{"id":"46","x":16,"y":12},{"id":"46","x":17,"y":12},{"id":"46","x":18,"y":12},{"id":"46","x":19,"y":12},{"id":"46","x":20,"y":12},{"id":"46","x":21,"y":12},{"id":"46","x":22,"y":12},{"id":"46","x":23,"y":12},{"id":"46","x":24,"y":12},{"id":"46","x":25,"y":12},{"id":"46","x":26,"y":12},{"id":"46","x":27,"y":12},{"id":"46","x":28,"y":12},{"id":"46","x":29,"y":12},{"id":"46","x":30,"y":12},{"id":"46","x":31,"y":12},{"id":"46","x":32,"y":10},{"id":"46","x":33,"y":10},{"id":"46","x":34,"y":10},{"id":"46","x":35,"y":10},{"id":"46","x":38,"y":10},{"id":"46","x":39,"y":10},{"id":"46","x":40,"y":10},{"id":"46","x":41,"y":10},{"id":"46","x":42,"y":10},{"id":"46","x":43,"y":10},{"id":"46","x":44,"y":10},{"id":"46","x":45,"y":10},{"id":"46","x":46,"y":10},{"id":"46","x":47,"y":10},{"id":"46","x":32,"y":11},{"id":"46","x":33,"y":11},{"id":"46","x":34,"y":11},{"id":"46","x":35,"y":11},{"id":"46","x":36,"y":11},{"id":"46","x":37,"y":11},{"id":"46","x":38,"y":11},{"id":"46","x":39,"y":11},{"id":"46","x":40,"y":11},{"id":"46","x":41,"y":11},{"id":"46","x":42,"y":11},{"id":"46","x":43,"y":11},{"id":"46","x":44,"y":11},{"id":"46","x":45,"y":11},{"id":"46","x":46,"y":11},{"id":"46","x":47,"y":11},{"id":"46","x":32,"y":12},{"id":"46","x":33,"y":12},{"id":"46","x":34,"y":12},{"id":"46","x":35,"y":12},{"id":"46","x":36,"y":12},{"id":"46","x":37,"y":12},{"id":"46","x":38,"y":12},{"id":"46","x":39,"y":12},{"id":"46","x":40,"y":12},{"id":"46","x":41,"y":12},{"id":"46","x":42,"y":12},{"id":"46","x":43,"y":12},{"id":"46","x":44,"y":12},{"id":"46","x":45,"y":12},{"id":"46","x":46,"y":12},{"id":"46","x":47,"y":12},{"id":"46","x":48,"y":10},{"id":"46","x":49,"y":10},{"id":"46","x":50,"y":10},{"id":"46","x":51,"y":10},{"id":"46","x":52,"y":10},{"id":"46","x":53,"y":10},{"id":"46","x":54,"y":10},{"id":"46","x":55,"y":10},{"id":"46","x":56,"y":10},{"id":"46","x":57,"y":10},{"id":"46","x":58,"y":10},{"id":"46","x":59,"y":10},{"id":"46","x":60,"y":10},{"id":"46","x":61,"y":10},{"id":"46","x":62,"y":10},{"id":"46","x":63,"y":10},{"id":"46","x":48,"y":11},{"id":"46","x":49,"y":11},{"id":"46","x":50,"y":11},{"id":"46","x":51,"y":11},{"id":"46","x":52,"y":11},{"id":"46","x":53,"y":11},{"id":"46","x":54,"y":11},{"id":"46","x":55,"y":11},{"id":"46","x":56,"y":11},{"id":"46","x":57,"y":11},{"id":"46","x":58,"y":11},{"id":"46","x":59,"y":11},{"id":"46","x":60,"y":11},{"id":"46","x":61,"y":11},{"id":"46","x":62,"y":11},{"id":"46","x":63,"y":11},{"id":"46","x":48,"y":12},{"id":"46","x":49,"y":12},{"id":"46","x":50,"y":12},{"id":"46","x":51,"y":12},{"id":"46","x":52,"y":12},{"id":"46","x":53,"y":12},{"id":"46","x":54,"y":12},{"id":"46","x":55,"y":12},{"id":"46","x":56,"y":12},{"id":"46","x":57,"y":12},{"id":"46","x":58,"y":12},{"id":"46","x":59,"y":12},{"id":"46","x":60,"y":12},{"id":"46","x":61,"y":12},{"id":"46","x":62,"y":12},{"id":"46","x":63,"y":12},{"id":"46","x":16,"y":13},{"id":"46","x":17,"y":13},{"id":"46","x":18,"y":13},{"id":"46","x":19,"y":13},{"id":"46","x":20,"y":13},{"id":"46","x":21,"y":13},{"id":"46","x":22,"y":13},{"id":"46","x":23,"y":13},{"id":"46","x":24,"y":13},{"id":"46","x":25,"y":13},{"id":"46","x":26,"y":13},{"id":"46","x":27,"y":13},{"id":"46","x":28,"y":13},{"id":"46","x":29,"y":13},{"id":"46","x":30,"y":13},{"id":"46","x":31,"y":13},{"id":"46","x":16,"y":14},{"id":"46","x":17,"y":14},{"id":"46","x":18,"y":14},{"id":"46","x":19,"y":14},{"id":"46","x":20,"y":14},{"id":"46","x":21,"y":14},{"id":"46","x":22,"y":14},{"id":"46","x":23,"y":14},{"id":"46","x":24,"y":14},{"id":"46","x":25,"y":14},{"id":"46","x":26,"y":14},{"id":"46","x":27,"y":14},{"id":"46","x":28,"y":14},{"id":"46","x":29,"y":14},{"id":"46","x":30,"y":14},{"id":"46","x":31,"y":14},{"id":"46","x":16,"y":15},{"id":"46","x":17,"y":15},{"id":"46","x":18,"y":15},{"id":"46","x":19,"y":15},{"id":"46","x":20,"y":15},{"id":"46","x":21,"y":15},{"id":"46","x":22,"y":15},{"id":"46","x":23,"y":15},{"id":"46","x":24,"y":15},{"id":"46","x":25,"y":15},{"id":"46","x":26,"y":15},{"id":"46","x":27,"y":15},{"id":"46","x":28,"y":15},{"id":"46","x":29,"y":15},{"id":"46","x":30,"y":15},{"id":"46","x":31,"y":15},{"id":"46","x":19,"y":5},{"id":"46","x":20,"y":5},{"id":"46","x":21,"y":5},{"id":"46","x":22,"y":5},{"id":"46","x":23,"y":5},{"id":"46","x":24,"y":5},{"id":"46","x":25,"y":5},{"id":"46","x":26,"y":5},{"id":"46","x":27,"y":5},{"id":"46","x":28,"y":5},{"id":"46","x":29,"y":5},{"id":"46","x":30,"y":5},{"id":"46","x":31,"y":5},{"id":"46","x":32,"y":5},{"id":"46","x":33,"y":5},{"id":"46","x":34,"y":5},{"id":"46","x":19,"y":6},{"id":"46","x":20,"y":6},{"id":"46","x":21,"y":6},{"id":"46","x":22,"y":6},{"id":"46","x":23,"y":6},{"id":"46","x":24,"y":6},{"id":"46","x":25,"y":6},{"id":"46","x":26,"y":6},{"id":"46","x":27,"y":6},{"id":"46","x":28,"y":6},{"id":"46","x":29,"y":6},{"id":"46","x":30,"y":6},{"id":"46","x":31,"y":6},{"id":"46","x":32,"y":6},{"id":"46","x":33,"y":6},{"id":"46","x":34,"y":6},{"id":"46","x":19,"y":7},{"id":"46","x":20,"y":7},{"id":"46","x":21,"y":7},{"id":"46","x":22,"y":7},{"id":"46","x":23,"y":7},{"id":"46","x":24,"y":7},{"id":"46","x":25,"y":7},{"id":"46","x":26,"y":7},{"id":"46","x":27,"y":7},{"id":"46","x":28,"y":7},{"id":"46","x":29,"y":7},{"id":"46","x":30,"y":7},{"id":"46","x":31,"y":7},{"id":"46","x":32,"y":7},{"id":"46","x":33,"y":7},{"id":"46","x":34,"y":7},{"id":"46","x":32,"y":13},{"id":"46","x":33,"y":13},{"id":"46","x":34,"y":13},{"id":"46","x":35,"y":13},{"id":"46","x":36,"y":13},{"id":"46","x":37,"y":13},{"id":"46","x":38,"y":13},{"id":"46","x":39,"y":13},{"id":"46","x":40,"y":13},{"id":"46","x":41,"y":13},{"id":"46","x":42,"y":13},{"id":"46","x":43,"y":13},{"id":"46","x":44,"y":13},{"id":"46","x":45,"y":13},{"id":"46","x":46,"y":13},{"id":"46","x":47,"y":13},{"id":"46","x":32,"y":14},{"id":"46","x":33,"y":14},{"id":"46","x":34,"y":14},{"id":"46","x":35,"y":14},{"id":"46","x":36,"y":14},{"id":"46","x":37,"y":14},{"id":"46","x":38,"y":14},{"id":"46","x":39,"y":14},{"id":"46","x":40,"y":14},{"id":"46","x":41,"y":14},{"id":"46","x":42,"y":14},{"id":"46","x":43,"y":14},{"id":"46","x":44,"y":14},{"id":"46","x":45,"y":14},{"id":"46","x":46,"y":14},{"id":"46","x":47,"y":14},{"id":"46","x":32,"y":15},{"id":"46","x":33,"y":15},{"id":"46","x":34,"y":15},{"id":"46","x":35,"y":15},{"id":"46","x":36,"y":15},{"id":"46","x":37,"y":15},{"id":"46","x":38,"y":15},{"id":"46","x":39,"y":15},{"id":"46","x":40,"y":15},{"id":"46","x":41,"y":15},{"id":"46","x":42,"y":15},{"id":"46","x":43,"y":15},{"id":"46","x":44,"y":15},{"id":"46","x":45,"y":15},{"id":"46","x":46,"y":15},{"id":"46","x":47,"y":15},{"id":"46","x":48,"y":13},{"id":"46","x":49,"y":13},{"id":"46","x":50,"y":13},{"id":"46","x":51,"y":13},{"id":"46","x":52,"y":13},{"id":"46","x":53,"y":13},{"id":"46","x":54,"y":13},{"id":"46","x":55,"y":13},{"id":"46","x":56,"y":13},{"id":"46","x":57,"y":13},{"id":"46","x":58,"y":13},{"id":"46","x":59,"y":13},{"id":"46","x":60,"y":13},{"id":"46","x":61,"y":13},{"id":"46","x":62,"y":13},{"id":"46","x":63,"y":13},{"id":"46","x":48,"y":14},{"id":"46","x":49,"y":14},{"id":"46","x":50,"y":14},{"id":"46","x":51,"y":14},{"id":"46","x":52,"y":14},{"id":"46","x":53,"y":14},{"id":"46","x":54,"y":14},{"id":"46","x":55,"y":14},{"id":"46","x":56,"y":14},{"id":"46","x":57,"y":14},{"id":"46","x":58,"y":14},{"id":"46","x":59,"y":14},{"id":"46","x":60,"y":14},{"id":"46","x":61,"y":14},{"id":"46","x":62,"y":14},{"id":"46","x":63,"y":14},{"id":"46","x":48,"y":15},{"id":"46","x":49,"y":15},{"id":"46","x":50,"y":15},{"id":"46","x":51,"y":15},{"id":"46","x":52,"y":15},{"id":"46","x":53,"y":15},{"id":"46","x":54,"y":15},{"id":"46","x":55,"y":15},{"id":"46","x":56,"y":15},{"id":"46","x":57,"y":15},{"id":"46","x":58,"y":15},{"id":"46","x":59,"y":15},{"id":"46","x":60,"y":15},{"id":"46","x":61,"y":15},{"id":"46","x":62,"y":15},{"id":"46","x":63,"y":15},{"id":"27","x":0,"y":0},{"id":"31","x":1,"y":0},{"id":"32","x":2,"y":0},{"id":"27","x":3,"y":0},{"id":"33","x":4,"y":0},{"id":"27","x":5,"y":0},{"id":"27","x":6,"y":0},{"id":"27","x":7,"y":0},{"id":"27","x":8,"y":0},{"id":"27","x":9,"y":0},{"id":"27","x":10,"y":0},{"id":"27","x":11,"y":0},{"id":"27","x":12,"y":0},{"id":"27","x":13,"y":0},{"id":"27","x":14,"y":0},{"id":"27","x":15,"y":0},{"id":"34","x":0,"y":1},{"id":"35","x":1,"y":1},{"id":"36","x":2,"y":1},{"id":"37","x":3,"y":1},{"id":"38","x":4,"y":1},{"id":"39","x":5,"y":1},{"id":"27","x":6,"y":1},{"id":"40","x":7,"y":1},{"id":"27","x":8,"y":1},{"id":"27","x":9,"y":1},{"id":"27","x":10,"y":1},{"id":"41","x":11,"y":1},{"id":"42","x":12,"y":1},{"id":"43","x":13,"y":1},{"id":"44","x":14,"y":1},{"id":"27","x":15,"y":1},{"id":"45","x":0,"y":2},{"id":"46","x":1,"y":2},{"id":"46","x":2,"y":2},{"id":"46","x":3,"y":2},{"id":"46","x":4,"y":2},{"id":"46","x":5,"y":2},{"id":"47","x":6,"y":2},{"id":"48","x":7,"y":2},{"id":"49","x":8,"y":2},{"id":"50","x":9,"y":2},{"id":"51","x":10,"y":2},{"id":"52","x":11,"y":2},{"id":"46","x":12,"y":2},{"id":"46","x":13,"y":2},{"id":"53","x":14,"y":2},{"id":"54","x":15,"y":2},{"id":"46","x":0,"y":3},{"id":"46","x":1,"y":3},{"id":"46","x":2,"y":3},{"id":"46","x":3,"y":3},{"id":"46","x":4,"y":3},{"id":"46","x":5,"y":3},{"id":"46","x":6,"y":3},{"id":"46","x":7,"y":3},{"id":"53","x":8,"y":3},{"id":"55","x":9,"y":3},{"id":"56","x":10,"y":3},{"id":"46","x":11,"y":3},{"id":"46","x":12,"y":3},{"id":"46","x":13,"y":3},{"id":"46","x":14,"y":3},{"id":"46","x":15,"y":3},{"id":"46","x":0,"y":4},{"id":"46","x":1,"y":4},{"id":"46","x":2,"y":4},{"id":"46","x":3,"y":4},{"id":"46","x":4,"y":4},{"id":"46","x":5,"y":4},{"id":"46","x":6,"y":4},{"id":"46","x":7,"y":4},{"id":"46","x":8,"y":4},{"id":"46","x":9,"y":4},{"id":"46","x":10,"y":4},{"id":"46","x":11,"y":4},{"id":"46","x":12,"y":4},{"id":"46","x":13,"y":4},{"id":"46","x":14,"y":4},{"id":"46","x":15,"y":4},{"id":"46","x":0,"y":5},{"id":"46","x":1,"y":5},{"id":"46","x":2,"y":5},{"id":"46","x":3,"y":5},{"id":"46","x":4,"y":5},{"id":"46","x":5,"y":5},{"id":"46","x":6,"y":5},{"id":"46","x":7,"y":5},{"id":"46","x":8,"y":5},{"id":"46","x":9,"y":5},{"id":"46","x":11,"y":5},{"id":"46","x":12,"y":5},{"id":"46","x":13,"y":5},{"id":"46","x":14,"y":5},{"id":"46","x":15,"y":5},{"id":"46","x":0,"y":6},{"id":"46","x":1,"y":6},{"id":"46","x":2,"y":6},{"id":"46","x":3,"y":6},{"id":"46","x":4,"y":6},{"id":"46","x":5,"y":6},{"id":"46","x":6,"y":6},{"id":"46","x":7,"y":6},{"id":"46","x":8,"y":6},{"id":"46","x":9,"y":6},{"id":"46","x":10,"y":6},{"id":"46","x":11,"y":6},{"id":"46","x":14,"y":6},{"id":"46","x":15,"y":6},{"id":"46","x":0,"y":7},{"id":"46","x":1,"y":7},{"id":"46","x":2,"y":7},{"id":"46","x":3,"y":7},{"id":"46","x":4,"y":7},{"id":"46","x":5,"y":7},{"id":"46","x":6,"y":7},{"id":"46","x":7,"y":7},{"id":"46","x":8,"y":7},{"id":"46","x":9,"y":7},{"id":"46","x":10,"y":7},{"id":"46","x":11,"y":7},{"id":"46","x":12,"y":7},{"id":"46","x":13,"y":7},{"id":"46","x":0,"y":8},{"id":"46","x":1,"y":8},{"id":"46","x":2,"y":8},{"id":"46","x":3,"y":8},{"id":"46","x":4,"y":8},{"id":"46","x":5,"y":8},{"id":"46","x":6,"y":8},{"id":"46","x":7,"y":8},{"id":"46","x":8,"y":8},{"id":"46","x":9,"y":8},{"id":"46","x":10,"y":8},{"id":"46","x":11,"y":8},{"id":"46","x":12,"y":8},{"id":"46","x":13,"y":8},{"id":"46","x":14,"y":8},{"id":"46","x":0,"y":9},{"id":"46","x":1,"y":9},{"id":"46","x":2,"y":9},{"id":"46","x":3,"y":9},{"id":"46","x":4,"y":9},{"id":"46","x":5,"y":9},{"id":"46","x":6,"y":9},{"id":"46","x":7,"y":9},{"id":"46","x":8,"y":9},{"id":"46","x":9,"y":9},{"id":"46","x":10,"y":9},{"id":"46","x":11,"y":9},{"id":"46","x":12,"y":9},{"id":"46","x":13,"y":9},{"id":"46","x":14,"y":9},{"id":"46","x":15,"y":9},{"id":"46","x":0,"y":10},{"id":"46","x":1,"y":10},{"id":"46","x":2,"y":10},{"id":"46","x":3,"y":10},{"id":"46","x":4,"y":10},{"id":"46","x":5,"y":10},{"id":"46","x":6,"y":10},{"id":"46","x":7,"y":10},{"id":"46","x":8,"y":10},{"id":"46","x":9,"y":10},{"id":"46","x":10,"y":10},{"id":"46","x":11,"y":10},{"id":"46","x":12,"y":10},{"id":"46","x":13,"y":10},{"id":"46","x":14,"y":10},{"id":"46","x":15,"y":10},{"id":"46","x":0,"y":11},{"id":"46","x":1,"y":11},{"id":"46","x":2,"y":11},{"id":"46","x":3,"y":11},{"id":"46","x":4,"y":11},{"id":"46","x":5,"y":11},{"id":"46","x":6,"y":11},{"id":"46","x":7,"y":11},{"id":"46","x":8,"y":11},{"id":"46","x":9,"y":11},{"id":"46","x":10,"y":11},{"id":"46","x":11,"y":11},{"id":"46","x":12,"y":11},{"id":"46","x":13,"y":11},{"id":"46","x":14,"y":11},{"id":"46","x":15,"y":11},{"id":"46","x":0,"y":12},{"id":"46","x":1,"y":12},{"id":"46","x":2,"y":12},{"id":"46","x":3,"y":12},{"id":"46","x":4,"y":12},{"id":"46","x":5,"y":12},{"id":"46","x":6,"y":12},{"id":"46","x":7,"y":12},{"id":"46","x":8,"y":12},{"id":"46","x":9,"y":12},{"id":"46","x":10,"y":12},{"id":"46","x":11,"y":12},{"id":"46","x":12,"y":12},{"id":"46","x":13,"y":12},{"id":"46","x":14,"y":12},{"id":"46","x":15,"y":12},{"id":"46","x":0,"y":13},{"id":"46","x":1,"y":13},{"id":"46","x":2,"y":13},{"id":"46","x":3,"y":13},{"id":"46","x":4,"y":13},{"id":"46","x":5,"y":13},{"id":"46","x":6,"y":13},{"id":"46","x":7,"y":13},{"id":"46","x":8,"y":13},{"id":"46","x":9,"y":13},{"id":"46","x":10,"y":13},{"id":"46","x":11,"y":13},{"id":"46","x":12,"y":13},{"id":"46","x":13,"y":13},{"id":"46","x":14,"y":13},{"id":"46","x":15,"y":13},{"id":"46","x":0,"y":14},{"id":"46","x":1,"y":14},{"id":"46","x":2,"y":14},{"id":"46","x":3,"y":14},{"id":"46","x":4,"y":14},{"id":"46","x":5,"y":14},{"id":"46","x":6,"y":14},{"id":"46","x":7,"y":14},{"id":"46","x":8,"y":14},{"id":"46","x":9,"y":14},{"id":"46","x":10,"y":14},{"id":"46","x":11,"y":14},{"id":"46","x":12,"y":14},{"id":"46","x":13,"y":14},{"id":"46","x":14,"y":14},{"id":"46","x":15,"y":14},{"id":"46","x":0,"y":15},{"id":"46","x":1,"y":15},{"id":"46","x":2,"y":15},{"id":"46","x":3,"y":15},{"id":"46","x":4,"y":15},{"id":"46","x":5,"y":15},{"id":"46","x":6,"y":15},{"id":"46","x":7,"y":15},{"id":"46","x":8,"y":15},{"id":"46","x":9,"y":15},{"id":"46","x":10,"y":15},{"id":"46","x":11,"y":15},{"id":"46","x":12,"y":15},{"id":"46","x":13,"y":15},{"id":"46","x":14,"y":15},{"id":"46","x":15,"y":15},{"id":"46","x":0,"y":16},{"id":"46","x":1,"y":16},{"id":"46","x":2,"y":16},{"id":"46","x":3,"y":16},{"id":"46","x":4,"y":16},{"id":"46","x":5,"y":16},{"id":"46","x":6,"y":16},{"id":"46","x":7,"y":16},{"id":"46","x":8,"y":16},{"id":"46","x":9,"y":16},{"id":"46","x":10,"y":16},{"id":"46","x":11,"y":16},{"id":"46","x":12,"y":16},{"id":"46","x":13,"y":16},{"id":"46","x":14,"y":16},{"id":"46","x":15,"y":16},{"id":"46","x":0,"y":17},{"id":"46","x":1,"y":17},{"id":"46","x":2,"y":17},{"id":"46","x":3,"y":17},{"id":"46","x":4,"y":17},{"id":"46","x":5,"y":17},{"id":"46","x":6,"y":17},{"id":"46","x":7,"y":17},{"id":"46","x":8,"y":17},{"id":"46","x":9,"y":17},{"id":"46","x":10,"y":17},{"id":"46","x":11,"y":17},{"id":"46","x":12,"y":17},{"id":"46","x":13,"y":17},{"id":"46","x":14,"y":17},{"id":"46","x":15,"y":17},{"id":"46","x":0,"y":18},{"id":"46","x":1,"y":18},{"id":"46","x":2,"y":18},{"id":"46","x":3,"y":18},{"id":"46","x":4,"y":18},{"id":"46","x":5,"y":18},{"id":"46","x":6,"y":18},{"id":"46","x":7,"y":18},{"id":"46","x":8,"y":18},{"id":"46","x":9,"y":18},{"id":"46","x":10,"y":18},{"id":"46","x":11,"y":18},{"id":"46","x":12,"y":18},{"id":"46","x":13,"y":18},{"id":"46","x":14,"y":18},{"id":"46","x":15,"y":18},{"id":"46","x":16,"y":16},{"id":"46","x":17,"y":16},{"id":"46","x":18,"y":16},{"id":"46","x":19,"y":16},{"id":"46","x":20,"y":16},{"id":"46","x":21,"y":16},{"id":"46","x":22,"y":16},{"id":"46","x":23,"y":16},{"id":"46","x":24,"y":16},{"id":"46","x":25,"y":16},{"id":"46","x":26,"y":16},{"id":"46","x":27,"y":16},{"id":"46","x":28,"y":16},{"id":"46","x":29,"y":16},{"id":"46","x":30,"y":16},{"id":"46","x":31,"y":16},{"id":"46","x":16,"y":17},{"id":"46","x":17,"y":17},{"id":"46","x":18,"y":17},{"id":"46","x":19,"y":17},{"id":"46","x":20,"y":17},{"id":"46","x":21,"y":17},{"id":"46","x":22,"y":17},{"id":"46","x":23,"y":17},{"id":"46","x":24,"y":17},{"id":"46","x":25,"y":17},{"id":"46","x":26,"y":17},{"id":"46","x":27,"y":17},{"id":"46","x":28,"y":17},{"id":"46","x":29,"y":17},{"id":"46","x":30,"y":17},{"id":"46","x":31,"y":17},{"id":"46","x":16,"y":18},{"id":"46","x":17,"y":18},{"id":"46","x":18,"y":18},{"id":"46","x":19,"y":18},{"id":"46","x":20,"y":18},{"id":"46","x":21,"y":18},{"id":"46","x":22,"y":18},{"id":"46","x":23,"y":18},{"id":"46","x":24,"y":18},{"id":"46","x":25,"y":18},{"id":"46","x":26,"y":18},{"id":"46","x":27,"y":18},{"id":"46","x":28,"y":18},{"id":"46","x":29,"y":18},{"id":"46","x":30,"y":18},{"id":"46","x":31,"y":18},{"id":"46","x":32,"y":16},{"id":"46","x":33,"y":16},{"id":"46","x":34,"y":16},{"id":"46","x":35,"y":16},{"id":"46","x":36,"y":16},{"id":"46","x":37,"y":16},{"id":"46","x":38,"y":16},{"id":"46","x":39,"y":16},{"id":"46","x":40,"y":16},{"id":"46","x":41,"y":16},{"id":"46","x":42,"y":16},{"id":"46","x":43,"y":16},{"id":"46","x":44,"y":16},{"id":"46","x":45,"y":16},{"id":"46","x":46,"y":16},{"id":"46","x":47,"y":16},{"id":"46","x":32,"y":17},{"id":"46","x":33,"y":17},{"id":"46","x":34,"y":17},{"id":"46","x":35,"y":17},{"id":"46","x":36,"y":17},{"id":"46","x":37,"y":17},{"id":"46","x":38,"y":17},{"id":"46","x":39,"y":17},{"id":"46","x":40,"y":17},{"id":"46","x":41,"y":17},{"id":"46","x":42,"y":17},{"id":"46","x":43,"y":17},{"id":"46","x":44,"y":17},{"id":"46","x":45,"y":17},{"id":"46","x":46,"y":17},{"id":"46","x":47,"y":17},{"id":"46","x":32,"y":18},{"id":"46","x":33,"y":18},{"id":"46","x":34,"y":18},{"id":"46","x":35,"y":18},{"id":"46","x":36,"y":18},{"id":"46","x":37,"y":18},{"id":"46","x":38,"y":18},{"id":"46","x":39,"y":18},{"id":"46","x":40,"y":18},{"id":"46","x":41,"y":18},{"id":"46","x":42,"y":18},{"id":"46","x":43,"y":18},{"id":"46","x":44,"y":18},{"id":"46","x":45,"y":18},{"id":"46","x":46,"y":18},{"id":"46","x":47,"y":18},{"id":"46","x":48,"y":16},{"id":"46","x":49,"y":16},{"id":"46","x":50,"y":16},{"id":"46","x":51,"y":16},{"id":"46","x":52,"y":16},{"id":"46","x":53,"y":16},{"id":"46","x":54,"y":16},{"id":"46","x":55,"y":16},{"id":"46","x":56,"y":16},{"id":"46","x":57,"y":16},{"id":"46","x":58,"y":16},{"id":"46","x":59,"y":16},{"id":"46","x":60,"y":16},{"id":"46","x":61,"y":16},{"id":"46","x":62,"y":16},{"id":"46","x":63,"y":16},{"id":"46","x":48,"y":17},{"id":"46","x":49,"y":17},{"id":"46","x":50,"y":17},{"id":"46","x":51,"y":17},{"id":"46","x":52,"y":17},{"id":"46","x":53,"y":17},{"id":"46","x":54,"y":17},{"id":"46","x":55,"y":17},{"id":"46","x":56,"y":17},{"id":"46","x":57,"y":17},{"id":"46","x":58,"y":17},{"id":"46","x":59,"y":17},{"id":"46","x":60,"y":17},{"id":"46","x":61,"y":17},{"id":"46","x":62,"y":17},{"id":"46","x":63,"y":17},{"id":"46","x":48,"y":18},{"id":"46","x":49,"y":18},{"id":"46","x":50,"y":18},{"id":"46","x":51,"y":18},{"id":"46","x":52,"y":18},{"id":"46","x":53,"y":18},{"id":"46","x":54,"y":18},{"id":"46","x":55,"y":18},{"id":"46","x":56,"y":18},{"id":"46","x":57,"y":18},{"id":"46","x":58,"y":18},{"id":"46","x":59,"y":18},{"id":"46","x":60,"y":18},{"id":"46","x":61,"y":18},{"id":"46","x":62,"y":18},{"id":"46","x":63,"y":18},{"id":"46","x":21,"y":11},{"id":"46","x":20,"y":11},{"id":"46","x":19,"y":10},{"id":"46","x":18,"y":10},{"id":"46","x":18,"y":9},{"id":"46","x":17,"y":9},{"id":"46","x":16,"y":8},{"id":"46","x":15,"y":8},{"id":"46","x":15,"y":7},{"id":"46","x":14,"y":7},{"id":"46","x":13,"y":6},{"id":"46","x":12,"y":6},{"id":"46","x":10,"y":5},{"id":"46","x":36,"y":10},{"id":"46","x":37,"y":10},{"id":"46","x":37,"y":9}],"collider":false}]}